"","def","best_id_cope01","best_match","count","family_name","genus_name","rank","sci_name","species_name","taxid","sequence","OTU","crustacean","order"
"1","'}; order_name=Diplostraca; rank_by_db={'db_cope01': 'suborder'}; seq_length=114; mode=alignment; genus=None; order=84337;",0.879310344828,"{'db_cope01': 'KT003819",4592279,NA,NA,"suborder","Cladocera",NA,6665,"gtaatctttttggagagttcaaatcgataaaaagggttgcgacctcgatgttggattagaaaatcagtaaggtgcagcagctttactagagagtctgttcgactcttaatattc","HISEQ:267:CAJCDANXX:2:1101:4872:2562_CONS_SUB_SUB",TRUE,"Diplostraca"
"2","'}; order_name=Diplostraca; rank_by_db={'db_cope01': 'genus'}; seq_length=114; mode=alignment; genus=6668; order=84337;",1,"{'db_cope01': 'HM067407",1218524,"Daphniidae","Daphnia","genus","Daphnia",NA,6668,"gtaatctttttggagagttctaatcgataaaaaggtttgcgacctcgatgttggattaagaaattggcaaggtgcagaagttttgttggaaagtctgttcgacttttaatttct","HISEQ:267:CAJCDANXX:2:1101:8019:2385_CONS_SUB_SUB",TRUE,"Diplostraca"
"3","'}; order_name=Diplostraca; rank_by_db={'db_cope01': 'family'}; seq_length=114; mode=alignment; genus=None; order=84337;",0.930434782609,"{'db_cope01': 'KC154309",1144800,"Daphniidae",NA,"family","Daphniidae",NA,77658,"gtaatttttttggagagttcttatcgataaaagagtttgcgacctcgatgttggattaagagattagcagggtgcagaagctttgcaggaaagtctgttcgacttttaaattct","HISEQ:267:CAJCDANXX:2:1101:9226:3235_CONS_SUB_SUB_CMP",TRUE,"Diplostraca"
"4","'}; order_name=Diplostraca; rank_by_db={'db_cope01': 'family'}; seq_length=114; mode=alignment; genus=None; order=84337;",0.90350877193,"{'db_cope01': 'KC154309",727821,"Daphniidae",NA,"family","Daphniidae",NA,77658,"gtaatttttttggagagttcatatcgataaaaaagtttgcgacctcgatgttggattaggaatttagctaggtgcagaagtttagttgtagagtctgttcgacttttaaaatcc","HISEQ:267:CAJCDANXX:2:1101:20259:3659_CONS_SUB_SUB",TRUE,"Diplostraca"
"5","'}; order_name=Calanoida; rank_by_db={'db_cope01': 'species'}; seq_length=113; mode=alignment; genus=398979; order=6833;",0.973451327434,"{'db_cope01': 'JX945067",704077,"Diaptomidae","Diaptomus","species","Diaptomus cyaneus","Diaptomus cyaneus",1245917,"ataatttttattaaagttcttattaaaataaaagattgtgacctcgatgttgaattaagaaaaataatttgtgtagccgctaattatttttagtctgttcgactaaattttct","HISEQ:267:CAJCDANXX:2:1101:13927:3018_CONS_SUB_SUB_CMP",TRUE,"Calanoida"
"6","'}; order_name=Calanoida; rank_by_db={'db_cope01': 'species'}; seq_length=113; mode=alignment; genus=398979; order=6833;",0.955752212389,"{'db_cope01': 'JX945067",189179,"Diaptomidae","Diaptomus","species","Diaptomus cyaneus","Diaptomus cyaneus",1245917,"ataatttttattaaagatcttattaaaataaaagattgtgacctcgatgttgaattaagaaaaataatttgtgcagcagttaattatttttagtctgttcgactaacttttct","HISEQ:267:CAJCDANXX:2:1101:1925:3794_CONS_SUB_SUB_CMP",TRUE,"Calanoida"
"7","'}; order_name=Diplostraca; rank_by_db={'db_cope01': 'suborder'}; seq_length=114; mode=alignment; genus=None; order=84337;",0.879310344828,"{'db_cope01': 'KT003819",29635,NA,NA,"suborder","Cladocera",NA,6665,"gtaatctttttggagagttcaaatcgataaaaagggttgcgacctcgatgttggattagaaaatcagtaaggtgcagcagtcttactagagagtctgttcgactcttaatattc","HISEQ:267:CAJCDANXX:2:1102:4694:48387_CONS_SUB_SUB",TRUE,"Diplostraca"
"8","'}; order_name=Podocopida; rank_by_db={'db_cope01': 'species'}; seq_length=114; mode=alignment; genus=1112811; order=84318;",0.947368421053,"{'db_cope01': 'AP014656",27648,"Candonidae","Fabaeformiscandona","species","Fabaeformiscandona kushiroensis","Fabaeformiscandona kushiroensis",1564202,"gtaatgcttttggacaggacatatggataaaagtgtttgcgacctcgatgttgaattaaaatttctttgttaagcataaataatgaaagtaagtctgttcgacttttaaaattt","HISEQ:267:CAJCDANXX:2:1308:21027:94918_CONS_SUB_SUB",TRUE,"Podocopida"
"9","'}; order_name=Diplostraca; rank_by_db={'db_cope01': 'family'}; seq_length=114; mode=alignment; genus=None; order=84337;",0.947368421053,"{'db_cope01': 'AF117817",24437,"Daphniidae",NA,"family","Daphniidae",NA,77658,"gtaatttttttggagagttcttatcgataaaaaagtttgcgacctcgatgttggattaagaaattagcaagatgcagaagtcttgttggaaagtctgttcgacttttaaattct","HISEQ:267:CAJCDANXX:2:1102:16520:54251_CONS_SUB_SUB",TRUE,"Diplostraca"
"10","'}; order_name=Diplostraca; rank_by_db={'db_cope01': 'family'}; seq_length=114; mode=alignment; genus=None; order=84337;",0.897435897436,"{'db_cope01': 'KC154309",24357,"Daphniidae",NA,"family","Daphniidae",NA,77658,"gtaatttttttagagagttcttatcgataaaagagtttgcgacctcgatgttggattaagaaattactagggtgaagaaattttagtggaaagtctgttcgacttttaaattct","HISEQ:267:CAJCDANXX:2:1101:19798:5884_CONS_SUB_SUB",TRUE,"Diplostraca"
"11","'}; order_name=Podocopida; rank_by_db={'db_cope01': 'species'}; seq_length=114; mode=alignment; genus=1112811; order=84318;",0.947368421053,"{'db_cope01': 'AP014656",22896,"Candonidae","Fabaeformiscandona","species","Fabaeformiscandona kushiroensis","Fabaeformiscandona kushiroensis",1564202,"gtaatacttttggacaggacaaatggataaaagtgtttgcgacctcgatgttgaattaaaatacctctgttaagcataaataatagaagtgagtctgttcgacttttaaaattt","HISEQ:267:CAJCDANXX:2:1101:14167:6642_CONS_SUB_SUB_CMP",TRUE,"Podocopida"
"12","'}; order_name=Diplostraca; rank_by_db={'db_cope01': 'species'}; seq_length=114; mode=alignment; genus=6668; order=84337;",0.982608695652,"{'db_cope01': 'KT003819",21666,"Daphniidae","Daphnia","species","Daphnia pulex","Daphnia pulex",6669,"gtaatctttttggagagttctaatcgataaaaaggtttgcgacctcgatgttggattaagaaattagcaaggtgcagaagttttgctggaaagtctgttcgacttttaatttct","HISEQ:267:CAJCDANXX:2:1101:4555:9575_CONS_SUB_SUB",TRUE,"Diplostraca"
"13","'}; order_name=Diplostraca; rank_by_db={'db_cope01': 'family'}; seq_length=114; mode=alignment; genus=None; order=84337;",0.947826086957,"{'db_cope01': 'KC154316",12866,"Daphniidae",NA,"family","Daphniidae",NA,77658,"gtaatcttcttagagagttctaatcgataagaaggtttgcgacctcgatgttggattaagaaattagcaaggtgcagaagttttgctggagagtctgttcgacttttaatatct","HISEQ:267:CAJCDANXX:2:1101:8856:25826_CONS_SUB_SUB_CMP",TRUE,"Diplostraca"
"14","'}; order_name=None; rank_by_db={'db_cope01': 'no rank'}; seq_length=115; mode=alignment; genus=None; order=None;",0.887931034483,"{'db_cope01': 'AY191754",9752,NA,NA,"no rank","Pancrustacea",NA,197562,"gtaattcttttagagagttctaatcgataaaagagtttgcgacctcgatgttggattaaagtttctttgaggtgtagcagcttcaaacagaaagtctgttcgacttttaaatctt","HISEQ:267:CAJCDANXX:2:1102:17031:83281_CONS_SUB_SUB_CMP",TRUE,"None"
"15","'}; order_name=Podocopida; rank_by_db={'db_cope01': 'species'}; seq_length=114; mode=alignment; genus=1112811; order=84318;",1,"{'db_cope01': 'AP014656",7244,"Candonidae","Fabaeformiscandona","species","Fabaeformiscandona kushiroensis","Fabaeformiscandona kushiroensis",1564202,"gtaatacttttggacaggacaaatggataaaagtgtttgcgacctcgatgttgaattaaaatatctttattaagcataaataataaaagtaagtctgttcgacttttgaaattt","HISEQ:267:CAJCDANXX:2:1101:20287:67012_CONS_SUB_SUB",TRUE,"Podocopida"
"16","'}; order_name=None; rank_by_db={'db_cope01': 'no rank'}; seq_length=114; mode=alignment; genus=None; order=None;",0.879310344828,"{'db_cope01': 'HM067430",6141,NA,NA,"no rank","Pancrustacea",NA,197562,"gtaatctttttggagagttcaaatcgataaaaagggttgcgacctcgatgttggattagaaaatcagtaaggtgtagtagttttattagagagtctgttcgactcttaatattc","HISEQ:267:CAJCDANXX:2:1101:20087:56147_CONS_SUB_SUB_CMP",TRUE,"None"
"17","'}; order_name=None; rank_by_db={'db_cope01': 'subphylum'}; seq_length=112; mode=alignment; genus=None; order=None;",0.869565217391,"{'db_cope01': 'KT003819",5604,NA,NA,"subphylum","Crustacea",NA,6657,"gtaatctttttggagagttcaaatcgataaaaagggttgcgacctcgatgttggattagaaaatcagtaaggtgcagcagctttactagagagtctgttcgactcttaatat","HISEQ:267:CAJCDANXX:2:1108:18205:12630_CONS_SUB_SUB_CMP",TRUE,"None"
"18","'}; order_name=Diplostraca; rank_by_db={'db_cope01': 'family'}; seq_length=114; mode=alignment; genus=None; order=84337;",0.947826086957,"{'db_cope01': 'KC154316",5573,"Daphniidae",NA,"family","Daphniidae",NA,77658,"gtaatcttcttagagagttcttatcgataagaaggtttgcgacctcgatgttggattaagaaattagcagggtgcagaagctttgctggaaagtctgttcgacttttaatatct","HISEQ:267:CAJCDANXX:2:1101:20277:61726_CONS_SUB_SUB",TRUE,"Diplostraca"
"19","'}; order_name=None; rank_by_db={'db_cope01': 'no rank'}; seq_length=114; mode=alignment; genus=None; order=None;",0.862068965517,"{'db_cope01': 'AY191771",3622,NA,NA,"no rank","Pancrustacea",NA,197562,"gttatttttttggagagttctaatcgatagagaagtttgcgacctcgatgttggatcaaagttcctttggggtgtagtcgttccaaaaggaggtctgttcgacctttaaatctt","HISEQ:267:CAJCDANXX:2:1103:10400:48499_CONS_SUB_SUB",TRUE,"None"
"20","'}; order_name=Diplostraca; rank_by_db={'db_cope01': 'family'}; seq_length=114; mode=alignment; genus=None; order=84337;",0.930434782609,"{'db_cope01': 'KC154316",2331,"Daphniidae",NA,"family","Daphniidae",NA,77658,"gtaatcttcttagagagttcttatcgataagaaggtttgcgacctcgatgttggattaagaaattagcagggtgtagaagctttgctggagagtctgttcgacttttaatatct","HISEQ:267:CAJCDANXX:2:1101:20012:23683_CONS_SUB_SUB_CMP",TRUE,"Diplostraca"
"21","'}; order_name=None; rank_by_db={'db_cope01': 'no rank'}; seq_length=114; mode=alignment; genus=None; order=None;",0.853448275862,"{'db_cope01': 'AY191771",2293,NA,NA,"no rank","Pancrustacea",NA,197562,"gttatttttctggagagttctaatcgatagagaagtttgcgacctcgatgttggatcaaagttcctttggggtgtagtcgttccaaaaggaggtctgttcgacctttaaatctt","HISEQ:267:CAJCDANXX:2:1104:19660:17800_CONS_SUB_SUB",TRUE,"None"
"22","'}; order_name=Diplostraca; rank_by_db={'db_cope01': 'suborder'}; seq_length=114; mode=alignment; genus=None; order=84337;",0.880341880342,"{'db_cope01': 'KC154316",1799,NA,NA,"suborder","Cladocera",NA,6665,"gtaatctttttggagagttctaatcgataaaaaggtttgcgacctcgatgttggattagaaaatcagtaaggtgcagcagctttactagagagtctgttcgactcttaatattc","HISEQ:267:CAJCDANXX:2:1101:9977:6876_CONS_SUB_SUB",TRUE,"Diplostraca"
"23","'}; order_name=Diplostraca; rank_by_db={'db_cope01': 'family'}; seq_length=114; mode=alignment; genus=None; order=84337;",0.905982905983,"{'db_cope01': 'KC154316",1787,"Daphniidae",NA,"family","Daphniidae",NA,77658,"gtaatttttttggagagttcttatcgataaaagagtttgcgacctcgatgttggattaagagattagcagggtgcagaagctttgcaggaaagtctgttcgactcttaatattc","HISEQ:267:CAJCDANXX:2:1101:8168:89406_CONS_SUB_SUB_CMP",TRUE,"Diplostraca"
"24","'}; order_name=Diplostraca; rank_by_db={'db_cope01': 'family'}; seq_length=114; mode=alignment; genus=None; order=84337;",0.895652173913,"{'db_cope01': 'KT003819",1657,"Daphniidae",NA,"family","Daphniidae",NA,77658,"gtaatctttttggagagttcaaatcgataaaaagggttgcgacctcgatgttggattagaaaatcagtaaggtgcagcagctttactagagagtctgttcgacttttaaattct","HISEQ:267:CAJCDANXX:2:1101:15694:16702_CONS_SUB_SUB_CMP",TRUE,"Diplostraca"
"25","'}; order_name=Diplostraca; rank_by_db={'db_cope01': 'genus'}; seq_length=114; mode=alignment; genus=6668; order=84337;",0.982456140351,"{'db_cope01': 'HM067407",1553,"Daphniidae","Daphnia","genus","Daphnia",NA,6668,"gtaatctttttggagagttcaaatcgataaaaagggttgcgacctcgatgttggattaagaaattggcaaggtgcagaagttttgttggaaagtctgttcgacttttaatttct","HISEQ:267:CAJCDANXX:2:1101:1853:77014_CONS_SUB_SUB",TRUE,"Diplostraca"
"26","'}; order_name=Diplostraca; rank_by_db={'db_cope01': 'family'}; seq_length=114; mode=alignment; genus=None; order=84337;",0.938596491228,"{'db_cope01': 'KT003819",1470,"Daphniidae",NA,"family","Daphniidae",NA,77658,"gtaatttttttggagagttcatatcgataaaaaagtttgcgacctcgatgttggattaagagattagcagggtgcagaagctttgcaggaaagtctgttcgacttttaaattct","HISEQ:267:CAJCDANXX:2:1105:9236:39584_CONS_SUB_SUB_CMP",TRUE,"Diplostraca"
"27","'}; order_name=Diplostraca; rank_by_db={'db_cope01': 'family'}; seq_length=114; mode=alignment; genus=None; order=84337;",0.921052631579,"{'db_cope01': 'KC154309",1457,"Daphniidae",NA,"family","Daphniidae",NA,77658,"gtaatctttttggagagttctaatcgataaaaaggtttgcgacctcgatgttggattaggaatttagctaggtgcagaagtttagttgtagagtctgttcgacttttaaaatcc","HISEQ:267:CAJCDANXX:2:1105:1367:72648_CONS_SUB_SUB",TRUE,"Diplostraca"
"28","'}; order_name=Diplostraca; rank_by_db={'db_cope01': 'family'}; seq_length=114; mode=alignment; genus=None; order=84337;",0.930434782609,"{'db_cope01': 'KC154309",1402,"Daphniidae",NA,"family","Daphniidae",NA,77658,"gtaatttttttggagagttcttatcgataaaagagtttgcgacctcgatgttggattaagagattagcagggtgcagaagctttgcaggaaagtctgttcgacttttaaaatcc","HISEQ:267:CAJCDANXX:2:1102:16476:27582_CONS_SUB_SUB",TRUE,"Diplostraca"
"29","'}; order_name=Diplostraca; rank_by_db={'db_cope01': 'suborder'}; seq_length=114; mode=alignment; genus=None; order=84337;",0.871794871795,"{'db_cope01': 'KC154316",1285,NA,NA,"suborder","Cladocera",NA,6665,"gtaatttttttggagagttcttatcgataaaaagggttgcgacctcgatgttggattagaaaatcagtaaggtgcagcagctttactagagagtctgttcgactcttaatattc","HISEQ:267:CAJCDANXX:2:1108:13302:23867_CONS_SUB_SUB_CMP",TRUE,"Diplostraca"
"30","'}; order_name=Diplostraca; rank_by_db={'db_cope01': 'genus'}; seq_length=114; mode=alignment; genus=6668; order=84337;",0.973913043478,"{'db_cope01': 'HM067407",1203,"Daphniidae","Daphnia","genus","Daphnia",NA,6668,"gtaatctttttggagagttctaatcgataaaaaggtttgcgacctcgatgttggattaagaaattggcaaggtgcagaagttttgttggaaagtctgttcgactcttaatattc","HISEQ:267:CAJCDANXX:2:1101:2141:100724_CONS_SUB_SUB_CMP",TRUE,"Diplostraca"
"31","'}; order_name=Diplostraca; rank_by_db={'db_cope01': 'family'}; seq_length=114; mode=alignment; genus=None; order=84337;",0.931034482759,"{'db_cope01': 'GQ343286",1192,"Daphniidae",NA,"family","Daphniidae",NA,77658,"gtaatctttttggagagttcaaatcgataaaagagtttgcgacctcgatgttggattaagagattagcagggtgcagaagctttgcaggaaagtctgttcgacttttaaattct","HISEQ:267:CAJCDANXX:2:1203:9944:64395_CONS_SUB_SUB",TRUE,"Diplostraca"
"32","'}; order_name=Diplostraca; rank_by_db={'db_cope01': 'genus'}; seq_length=114; mode=alignment; genus=6668; order=84337;",0.973913043478,"{'db_cope01': 'HM067407",1185,"Daphniidae","Daphnia","genus","Daphnia",NA,6668,"gtaatttttttggagagttcatatcgataaaaaggtttgcgacctcgatgttggattaagaaattggcaaggtgcagaagttttgttggaaagtctgttcgacttttaatttct","HISEQ:267:CAJCDANXX:2:1107:9373:8842_CONS_SUB_SUB",TRUE,"Diplostraca"
"33","'}; order_name=Diplostraca; rank_by_db={'db_cope01': 'family'}; seq_length=114; mode=alignment; genus=None; order=84337;",0.912280701754,"{'db_cope01': 'KC154309",1175,"Daphniidae",NA,"family","Daphniidae",NA,77658,"gtaatctttttggagagttctaatcgataaaaaagtttgcgacctcgatgttggattaggaatttagctaggtgcagaagtttagttgtagagtctgttcgacttttaaaatcc","HISEQ:267:CAJCDANXX:2:1104:16193:71945_CONS_SUB_SUB_CMP",TRUE,"Diplostraca"
"34","'}; order_name=Diplostraca; rank_by_db={'db_cope01': 'genus'}; seq_length=114; mode=alignment; genus=6668; order=84337;",0.965217391304,"{'db_cope01': 'HM067407",1154,"Daphniidae","Daphnia","genus","Daphnia",NA,6668,"gtaatttttttggagagttcatatcgataaaaaagtttgcgacctcgatgttggattaagaaattggcaaggtgcagaagttttgttggaaagtctgttcgacttttaatttct","HISEQ:267:CAJCDANXX:2:1103:2023:31626_CONS_SUB_SUB",TRUE,"Diplostraca"
"35","'}; order_name=Diplostraca; rank_by_db={'db_cope01': 'species'}; seq_length=114; mode=alignment; position=11_03F; genus=6668; order=84337;",0.973684210526,"{'db_cope01': 'AF117817",1063,"Daphniidae","Daphnia","species","Daphnia pulex","Daphnia pulex",6669,"gtaatctttttagagagttcttatcgataaaaaggtttgcgacctcgatgttggattaagagattagcaaggtgcagaagttttgttggaaagtctgttcgacttttaatttct","HISEQ:267:CAJCDANXX:2:1111:17846:16319_CONS_SUB_SUB_CMP",TRUE,"Diplostraca"
"36","'}; order_name=Diplostraca; rank_by_db={'db_cope01': 'genus'}; seq_length=114; mode=alignment; genus=6668; order=84337;",0.973684210526,"{'db_cope01': 'HM067407",1022,"Daphniidae","Daphnia","genus","Daphnia",NA,6668,"gtaatctttttggagagttctaatcgataaaaaggtttgcgacctcgatgttggattaagaaattggcaaggtgcagaagttttgttggaaagtctgttcgacttttaaaatcc","HISEQ:267:CAJCDANXX:2:1302:12003:78350_CONS_SUB_SUB",TRUE,"Diplostraca"
"37","'}; order_name=Diplostraca; rank_by_db={'db_cope01': 'suborder'}; seq_length=114; mode=alignment; genus=None; order=84337;",0.879310344828,"{'db_cope01': 'KT003819",1016,NA,NA,"suborder","Cladocera",NA,6665,"gtaatctttttagagagttcaaatcgataaaaagggttgcgacctcgatgttggattagaaattcagtaaggtgcagcagctttactagagagtctgttcgactcttaatattc","HISEQ:267:CAJCDANXX:2:1101:18080:19473_CONS_SUB_SUB",TRUE,"Diplostraca"
"38","'}; order_name=Diplostraca; rank_by_db={'db_cope01': 'family'}; seq_length=114; mode=alignment; genus=None; order=84337;",0.921052631579,"{'db_cope01': 'KT003819",941,"Daphniidae",NA,"family","Daphniidae",NA,77658,"gtaatttttttggagagttcatatcgataaaaaagtttgcgacctcgatgttggattaggaatttagctaggtgcagaagtttagttgtagagtctgttcgacttttaatttct","HISEQ:267:CAJCDANXX:2:1216:20571:93052_CONS_SUB_SUB_CMP",TRUE,"Diplostraca"
"39","'}; order_name=Diplostraca; rank_by_db={'db_cope01': 'genus'}; seq_length=114; mode=alignment; genus=6668; order=84337;",0.947368421053,"{'db_cope01': 'HM067407",878,"Daphniidae","Daphnia","genus","Daphnia",NA,6668,"gtaatctttttggagagttctaatcgataaaaaggtttgcgacctcgatgttggattaagaaattggcaaggtgcagaagtttagttgtagagtctgttcgacttttaaaatcc","HISEQ:267:CAJCDANXX:2:1101:7573:83458_CONS_SUB_SUB_CMP",TRUE,"Diplostraca"
"40","'}; order_name=Calanoida; rank_by_db={'db_cope01': 'species'}; seq_length=116; mode=alignment; genus=398979; order=6833;",0.948275862069,"{'db_cope01': 'JX945067",813,"Diaptomidae","Diaptomus","species","Diaptomus cyaneus","Diaptomus cyaneus",1245917,"ataatttttattaaagttcttattaaaataaaagattgtgacctcgatgttgaattaagaaaaataatttgtgtagccgctaattatttttagtctgttcgactaatttatattct","HISEQ:267:CAJCDANXX:2:1113:17496:51487_CONS_SUB_SUB_CMP",TRUE,"Calanoida"
"41","'}; order_name=Diplostraca; rank_by_db={'db_cope01': 'family'}; seq_length=114; mode=alignment; genus=None; order=84337;",0.939130434783,"{'db_cope01': 'GQ343286",782,"Daphniidae",NA,"family","Daphniidae",NA,77658,"gtaatctttttggagagttcaaatcgataaaaagggttgcgacctcgatgttggattaagagattagcagggtgcagaagctttgcaggaaagtctgttcgacttttaaattct","HISEQ:267:CAJCDANXX:2:1101:19540:95320_CONS_SUB_SUB",TRUE,"Diplostraca"
"42","'}; order_name=Diplostraca; rank_by_db={'db_cope01': 'family'}; seq_length=113; mode=alignment; genus=None; order=84337;",0.894736842105,"{'db_cope01': 'AF117817",770,"Daphniidae",NA,"family","Daphniidae",NA,77658,"gtaatttttttggagagttcatatcgataaaaaagtttgcgacctcgatgttggattaggaatttagctaggtgcagaagtttagttgtagagtctgttcgacttttgaatcc","HISEQ:267:CAJCDANXX:2:1104:5927:45280_CONS_SUB_SUB_CMP",TRUE,"Diplostraca"
"43","'}; order_name=Diplostraca; rank_by_db={'db_cope01': 'suborder'}; seq_length=114; mode=alignment; genus=None; order=84337;",0.879310344828,"{'db_cope01': 'KT003819",770,NA,NA,"suborder","Cladocera",NA,6665,"gtaatttttttggagagttcatatcgataaaaagggttgcgacctcgatgttggattagaaaatcagtaaggtgcagcagctttactagagagtctgttcgactcttaatattc","HISEQ:267:CAJCDANXX:2:1202:10117:84031_CONS_SUB_SUB",TRUE,"Diplostraca"
"44","'}; order_name=None; rank_by_db={'db_cope01': 'subphylum'}; seq_length=114; mode=alignment; genus=None; order=None;",0.870689655172,"{'db_cope01': 'KT003819",763,NA,NA,"subphylum","Crustacea",NA,6657,"gtaatttttttggagagttcagatcgataaaaagggttgcgacctcgatgttggattagaaaatcagtaaggtgcagcagctttactagagagtctgttcgactcttaatattc","HISEQ:267:CAJCDANXX:2:1109:17335:47861_CONS_SUB_SUB",TRUE,"None"
"45","'}; order_name=Podocopida; rank_by_db={'db_cope01': 'species'}; seq_length=114; mode=alignment; genus=1112811; order=84318;",0.982456140351,"{'db_cope01': 'AP014656",756,"Candonidae","Fabaeformiscandona","species","Fabaeformiscandona kushiroensis","Fabaeformiscandona kushiroensis",1564202,"gtaatacttttggacaggacaaatggataaaagtgtttgcgacctcgatgttgaattaaaatatctttattaagcacaaataataaaagtaagtctgttcgacttttaaaattt","HISEQ:267:CAJCDANXX:2:1102:3464:35313_CONS_SUB_SUB",TRUE,"Podocopida"
"46","'}; order_name=Diplostraca; rank_by_db={'db_cope01': 'family'}; seq_length=114; mode=alignment; genus=None; order=84337;",0.904347826087,"{'db_cope01': 'KC154309",718,"Daphniidae",NA,"family","Daphniidae",NA,77658,"gtaatttttttggagagttcttatcgataaaagagtttgcgacctcgatgttggattaggaatttagctaggtgcagaagtttagttgtagagtctgttcgacttttaaaatcc","HISEQ:267:CAJCDANXX:2:1207:15777:28555_CONS_SUB_SUB",TRUE,"Diplostraca"
"47","'}; order_name=Diplostraca; rank_by_db={'db_cope01': 'family'}; seq_length=114; mode=alignment; genus=None; order=84337;",0.904347826087,"{'db_cope01': 'KT003819",698,"Daphniidae",NA,"family","Daphniidae",NA,77658,"gtaatctttttggagagttcaaatcgataaaaagggttgcgacctcgatgttggattagaaaatcagtaaggtgcagcagctttactagagagtctgttcgacttttaatttct","HISEQ:267:CAJCDANXX:2:1203:7690:4863_CONS_SUB_SUB_CMP",TRUE,"Diplostraca"
"48","'}; order_name=Diplostraca; rank_by_db={'db_cope01': 'family'}; seq_length=114; mode=alignment; genus=None; order=84337;",0.912280701754,"{'db_cope01': 'KT003819",665,"Daphniidae",NA,"family","Daphniidae",NA,77658,"gtaatttttttggagagttcatatcgataaaaaagtttgcgacctcgatgttggattaggaatttagctaggtgcagaagtttagttgtagagtctgttcgacttttaaattct","HISEQ:267:CAJCDANXX:2:1205:2740:92675_CONS_SUB_SUB_CMP",TRUE,"Diplostraca"
"49","'}; order_name=Diplostraca; rank_by_db={'db_cope01': 'suborder'}; seq_length=114; mode=alignment; genus=None; order=84337;",0.888888888889,"{'db_cope01': 'KC154309",625,NA,NA,"suborder","Cladocera",NA,6665,"gtaatttttttggagagttcttatcgataaaagagtttgcgacctcgatgttggattaggaatttagctaggtgcagaagtttagttatagagtctgttcgacttttaaaatcc","HISEQ:267:CAJCDANXX:2:1116:1599:58997_CONS_SUB_SUB",TRUE,"Diplostraca"
"50","'}; order_name=Diplostraca; rank_by_db={'db_cope01': 'family'}; seq_length=114; mode=alignment; genus=None; order=84337;",0.930434782609,"{'db_cope01': 'KC154309",589,"Daphniidae",NA,"family","Daphniidae",NA,77658,"gtaatctttttggagagttctaatcgataaaagagtttgcgacctcgatgttggattaagagattagcagggtgcagaagctttgcaggaaagtctgttcgacttttaaattct","HISEQ:267:CAJCDANXX:2:1112:7539:69989_CONS_SUB_SUB",TRUE,"Diplostraca"
"51","'}; order_name=Diplostraca; rank_by_db={'db_cope01': 'family'}; seq_length=114; mode=alignment; genus=None; order=84337;",0.90350877193,"{'db_cope01': 'KC154309",572,"Daphniidae",NA,"family","Daphniidae",NA,77658,"gtaatctttttggagagttcaaatcgataaaaaagtttgcgacctcgatgttggattaggaatttagctaggtgcagaagtttagttgtagagtctgttcgacttttaaaatcc","HISEQ:267:CAJCDANXX:2:2101:14899:22183_CONS_SUB_SUB",TRUE,"Diplostraca"
"52","'}; order_name=Diplostraca; rank_by_db={'db_cope01': 'family'}; seq_length=114; mode=alignment; genus=None; order=84337;",0.929824561404,"{'db_cope01': 'KT003819",552,"Daphniidae",NA,"family","Daphniidae",NA,77658,"gtaatttttttggagagttcagatcgataaaaaagtttgcgacctcgatgttggattaagagattagcagggtgcagaagctttgcaggaaagtctgttcgacttttaaattct","HISEQ:267:CAJCDANXX:2:1208:1757:8950_CONS_SUB_SUB",TRUE,"Diplostraca"
"53","'}; order_name=Diplostraca; rank_by_db={'db_cope01': 'suborder'}; seq_length=113; mode=alignment; genus=None; order=84337;",0.885964912281,"{'db_cope01': 'KC154309",515,NA,NA,"suborder","Cladocera",NA,6665,"gtaatctttttggagagttctaatcgataaaaaggtttgcgacctcgatgttggattaggaatttagttaggtgcagatgtttaactgtagagtctgttcgacttttgaatcc","HISEQ:267:CAJCDANXX:2:1208:3225:3473_CONS_SUB_SUB",TRUE,"Diplostraca"
"54","'}; order_name=Diplostraca; rank_by_db={'db_cope01': 'family'}; seq_length=114; mode=alignment; genus=None; order=84337;",0.947368421053,"{'db_cope01': 'KC154309",512,"Daphniidae",NA,"family","Daphniidae",NA,77658,"gtaatctttttggagagttctaatcgataaaaaggtttgcgacctcgatgttggattaagagattagcagggtgcagaagctttgcaggaaagtctgttcgacttttaaattct","HISEQ:267:CAJCDANXX:2:1116:9524:66961_CONS_SUB_SUB_CMP",TRUE,"Diplostraca"
"55","'}; order_name=Diplostraca; rank_by_db={'db_cope01': 'family'}; seq_length=114; mode=alignment; genus=None; order=84337;",0.929824561404,"{'db_cope01': 'KC154302",495,"Daphniidae",NA,"family","Daphniidae",NA,77658,"gtaattcttttagagagttcttatcgataaaagagtttgcgacctcgatgttggattaagagattagcagggtgcagaagctttgcaggaaagtctgttcgacttttaaattct","HISEQ:267:CAJCDANXX:2:1206:18547:9604_CONS_SUB_SUB_CMP",TRUE,"Diplostraca"
"56","'}; order_name=Diplostraca; rank_by_db={'db_cope01': 'genus'}; seq_length=114; mode=alignment; genus=6668; order=84337;",0.973684210526,"{'db_cope01': 'HM067407",476,"Daphniidae","Daphnia","genus","Daphnia",NA,6668,"gtaatttttttggagagttcaaatcgataaaaaagtttgcgacctcgatgttggattaagaaattggcaaggtgcagaagttttgttggaaagtctgttcgacttttaatttct","HISEQ:267:CAJCDANXX:2:1308:2518:61553_CONS_SUB_SUB",TRUE,"Diplostraca"
"57","'}; order_name=Diplostraca; rank_by_db={'db_cope01': 'family'}; seq_length=114; mode=alignment; genus=None; order=84337;",0.912280701754,"{'db_cope01': 'KT003819",457,"Daphniidae",NA,"family","Daphniidae",NA,77658,"gtaatttttttggagagttcatatcgataaaaaagtttgcgacctcgatgttggattaggaatttagctaggtgcagaagtttagttgtagagtctgttcgacttttaatatct","HISEQ:267:CAJCDANXX:2:1109:11283:66100_CONS_SUB_SUB_CMP",TRUE,"Diplostraca"
"58","'}; order_name=Diplostraca; rank_by_db={'db_cope01': 'genus'}; seq_length=114; mode=alignment; genus=6668; order=84337;",0.965217391304,"{'db_cope01': 'HM067407",432,"Daphniidae","Daphnia","genus","Daphnia",NA,6668,"gtaatttttttggagagttcttatcgataaaagagtttgcgacctcgatgttggattaagaaattggcaaggtgcagaagttttgttggaaagtctgttcgacttttaatttct","HISEQ:267:CAJCDANXX:2:1111:16101:36227_CONS_SUB_SUB_CMP",TRUE,"Diplostraca"
"59","'}; order_name=None; rank_by_db={'db_cope01': 'subphylum'}; seq_length=113; mode=alignment; genus=None; order=None;",0.869565217391,"{'db_cope01': 'KT003819",428,NA,NA,"subphylum","Crustacea",NA,6657,"gtaatctttttggagagttcaaatcgataaaaaagtttgcgacctcgatgttggattaggaatttagttaggtgcagatgtttaactgtagagtctgttcgacttttgaatcc","HISEQ:267:CAJCDANXX:2:2106:4924:3451_CONS_SUB_SUB",TRUE,"None"
"60","'}; order_name=Calanoida; rank_by_db={'db_cope01': 'species'}; seq_length=113; mode=alignment; genus=398979; order=6833;",0.955752212389,"{'db_cope01': 'JX945067",425,"Diaptomidae","Diaptomus","species","Diaptomus cyaneus","Diaptomus cyaneus",1245917,"ataatttttattaaagatcttattaaaataaaagattgtgacctcgatgttgaattaagaaaaataatttgtacagcagctaattatttttagtctgttcgactaacttttct","HISEQ:267:CAJCDANXX:2:1104:11410:28982_CONS_SUB_SUB",TRUE,"Calanoida"
"61","'}; order_name=None; rank_by_db={'db_cope01': 'no rank'}; seq_length=114; mode=alignment; genus=None; order=None;",0.853448275862,"{'db_cope01': 'KT003819",419,NA,NA,"no rank","Pancrustacea",NA,197562,"gtaatttttttaaagagttcaaatcgataaaaagggttgcgacctcgatgttggattagaaaatcagtaaggtgcagcagctttactagagagtctgttcgactcttaatattc","HISEQ:267:CAJCDANXX:2:2108:19339:59698_CONS_SUB_SUB",TRUE,"None"
"62","'}; order_name=None; rank_by_db={'db_cope01': 'no rank'}; seq_length=113; mode=alignment; genus=None; order=None;",0.877192982456,"{'db_cope01': 'KC154309",355,NA,NA,"no rank","Pancrustacea",NA,197562,"gtaatctttttggagagttcaaatcgataaaaaagtttgcgacctcgatgttggattaggaatttagttaggtgcagatgtttaactgtagagtctgttcgacttttaaatcc","HISEQ:267:CAJCDANXX:2:1114:12801:16818_CONS_SUB_SUB_CMP",TRUE,"None"
"63","'}; order_name=Diplostraca; rank_by_db={'db_cope01': 'suborder'}; seq_length=114; mode=alignment; genus=None; order=84337;",0.879310344828,"{'db_cope01': 'KT003819",329,NA,NA,"suborder","Cladocera",NA,6665,"gtaatttttttggagagttcatatcgataaaaaagtttgcgacctcgatgttggattagaaaatcagtaaggtgcagcagctttactagagagtctgttcgactcttaatattc","HISEQ:267:CAJCDANXX:2:1301:5741:91155_CONS_SUB_SUB",TRUE,"Diplostraca"
"64","'}; order_name=Diplostraca; rank_by_db={'db_cope01': 'family'}; seq_length=114; mode=alignment; genus=None; order=84337;",0.895652173913,"{'db_cope01': 'KT003819",308,"Daphniidae",NA,"family","Daphniidae",NA,77658,"gtaatttttttggagagttcatatcgataaaaaagtttgcgacctcgatgttggattaggaatttagctaggtgcagaagtttagttgtagagtctgttcgactcttaatattc","HISEQ:267:CAJCDANXX:2:2312:15756:70167_CONS_SUB_SUB_CMP",TRUE,"Diplostraca"
"65","'}; order_name=Diplostraca; rank_by_db={'db_cope01': 'family'}; seq_length=114; mode=alignment; genus=None; order=84337;",0.90350877193,"{'db_cope01': 'KC154309",307,"Daphniidae",NA,"family","Daphniidae",NA,77658,"gtaatctttttggagagttcaaatcgataaaaagggttgcgacctcgatgttggattaggaatttagctaggtgcagaagtttagttgtagagtctgttcgacttttaaaatcc","HISEQ:267:CAJCDANXX:2:1309:9716:2687_CONS_SUB_SUB",TRUE,"Diplostraca"
"66","'}; order_name=None; rank_by_db={'db_cope01': 'subphylum'}; seq_length=113; mode=alignment; genus=None; order=None;",0.869565217391,"{'db_cope01': 'KT003819",304,NA,NA,"subphylum","Crustacea",NA,6657,"gtaatctttttggagagttcaaatcgataaaaagggttgcgacctcgatgttggattaggaatttagttaggtgcagatgtttaactgtagagtctgttcgacttttgaatcc","HISEQ:267:CAJCDANXX:2:1105:7718:18221_CONS_SUB_SUB_CMP",TRUE,"None"
"67","'}; order_name=Diplostraca; rank_by_db={'db_cope01': 'suborder'}; seq_length=114; status=full; mode=alignment; genus=None; order=84337;",0.886956521739,"{'db_cope01': 'KC154309",269,NA,NA,"suborder","Cladocera",NA,6665,"gtaatctttttggagagttcaaatcgataaaaagggttgcgacctcgatgttggattagaaaatcagtaaggtgcagcagctttactagagagtctgttcgacttttaaaatcc","HISEQ:267:CAJCDANXX:2:2114:5251:100669_CONS_SUB_SUB_CMP",TRUE,"Diplostraca"
"68","'}; order_name=Calanoida; rank_by_db={'db_cope01': 'family'}; seq_length=113; seq_b_single=54; status=full; mode=alignment; head_quality=37.0; position=06_02A; genus=None; order=6833;",0.85593220339,"{'db_cope01': 'JX945116",261,"Diaptomidae",NA,"family","Diaptomidae",NA,236535,"ataatttttattaaagttcttattaaaataaaagattgtgacctcgatgttgaattaagaaaaaatttttaagcagaactaaaaattccaggactgttcgtccgaataattct","HISEQ:267:CAJCDANXX:2:2209:8699:87336_CONS_SUB_SUB",TRUE,"Calanoida"
"69","'}; order_name=Diplostraca; rank_by_db={'db_cope01': 'family'}; seq_length=114; mode=alignment; genus=None; order=84337;",0.947368421053,"{'db_cope01': 'KC154309",260,"Daphniidae",NA,"family","Daphniidae",NA,77658,"gtaatcttcttagagagttctaatcgataagaaggtttgcgacctcgatgttggattaagaaattagcaaggtgcagaagttttgctggagagtctgttcgacttttaaaatcc","HISEQ:267:CAJCDANXX:2:2116:5571:41865_CONS_SUB_SUB",TRUE,"Diplostraca"
"70","'}; order_name=Diplostraca; rank_by_db={'db_cope01': 'family'}; seq_length=114; mode=alignment; position=10_04E; genus=None; order=84337;",0.913043478261,"{'db_cope01': 'KC154309",240,"Daphniidae",NA,"family","Daphniidae",NA,77658,"gtaatttttttggagagctcttatcgataaaagagtttgcgacctcgatgttggattaagagattagcagggtgcagaagctttgcaggaaagtctgttcgacttttaagttct","HISEQ:267:CAJCDANXX:2:1104:9065:16418_CONS_SUB_SUB_CMP",TRUE,"Diplostraca"
"71","'}; order_name=Calanoida; rank_by_db={'db_cope01': 'family'}; seq_length=114; mode=alignment; genus=None; order=6833;",0.862068965517,"{'db_cope01': 'JX945067",236,"Diaptomidae",NA,"family","Diaptomidae",NA,236535,"atactctattttttaagccctcatttaaaaataggtttatgacctcgatgttgaattaagaaaaataatttgtgtagccgctaattatttttagtctgttcgactaaattttct","HISEQ:267:CAJCDANXX:2:2312:8104:73290_CONS_SUB_SUB",TRUE,"Calanoida"
"72","'}; order_name=None; rank_by_db={'db_cope01': 'no rank'}; seq_length=114; mode=alignment; genus=None; order=None;",0.862068965517,"{'db_cope01': 'KT003819",215,NA,NA,"no rank","Pancrustacea",NA,197562,"gttatatttttagagagttcatatcgataaaaagggttgcgacctcgatgttggattagaaaatcagtaaggtgcagcagctttactagagagtctgttcgactcttaatattc","HISEQ:267:CAJCDANXX:2:2108:7509:71283_CONS_SUB_SUB",TRUE,"None"
"73","'}; order_name=Diplostraca; rank_by_db={'db_cope01': 'family'}; seq_length=114; mode=alignment; genus=None; order=84337;",0.938596491228,"{'db_cope01': 'KT003819",210,"Daphniidae",NA,"family","Daphniidae",NA,77658,"gtaatttttttggagagttcagatcgataaaaaagtttgcgacctcgatgttggattaagaaattagcaagatgcagaagtcttgttggaaagtctgttcgacttttaaattct","HISEQ:267:CAJCDANXX:2:1208:11592:91760_CONS_SUB_SUB",TRUE,"Diplostraca"
"74","'}; order_name=Diplostraca; rank_by_db={'db_cope01': 'suborder'}; seq_length=114; mode=alignment; genus=None; order=84337;",0.894736842105,"{'db_cope01': 'KC154309",196,NA,NA,"suborder","Cladocera",NA,6665,"gtaatcttcttagagagttctaatcgataagaaggtttgcgacctcgatgttggattaggaatttagctaggtgcagaagtttagttgtagagtctgttcgacttttaaaatcc","HISEQ:267:CAJCDANXX:2:1315:18556:58734_CONS_SUB_SUB_CMP",TRUE,"Diplostraca"
"75","'}; order_name=Diplostraca; rank_by_db={'db_cope01': 'suborder'}; seq_length=113; mode=alignment; genus=None; order=84337;",0.878260869565,"{'db_cope01': 'KC154309",188,NA,NA,"suborder","Cladocera",NA,6665,"gtaatctttttggagagttcaaatcgataaaaagggttgcgacctcgatgttggattagaaaatcagtaaggtgcagcagctttactagagagtctgttcgacttttaaatcc","HISEQ:267:CAJCDANXX:2:2201:4210:90098_CONS_SUB_SUB_CMP",TRUE,"Diplostraca"
"76","'}; order_name=Diplostraca; rank_by_db={'db_cope01': 'family'}; seq_length=114; mode=alignment; genus=None; order=84337;",0.930434782609,"{'db_cope01': 'KC154309",170,"Daphniidae",NA,"family","Daphniidae",NA,77658,"gtaatttttttggagagttcttatcgataaaagagtttgcgacctcgatgttggattaagagattagcagggtgcagaagctttgcaggaaagtctgttcgacttttaaaattt","HISEQ:267:CAJCDANXX:2:1102:11098:37304_CONS_SUB_SUB",TRUE,"Diplostraca"
"77","'}; order_name=Diplostraca; rank_by_db={'db_cope01': 'suborder'}; seq_length=113; mode=alignment; genus=None; order=84337;",0.877192982456,"{'db_cope01': 'KC154309",170,NA,NA,"suborder","Cladocera",NA,6665,"gtaatctttttggagagttcaaatcgataaaaagggttgcgacctcgatgttggattaggaatttagttaggtgcagatgtttaactgtagagtctgttcgacttttaaatcc","HISEQ:267:CAJCDANXX:2:1105:10941:92178_CONS_SUB_SUB_CMP",TRUE,"Diplostraca"
"78","'}; order_name=None; rank_by_db={'db_cope01': 'no rank'}; seq_length=114; mode=alignment; genus=None; order=None;",0.870689655172,"{'db_cope01': 'AY191771",169,NA,NA,"no rank","Pancrustacea",NA,197562,"gtaatttttttggagagttctaatcgatagagaagtttgcgacctcgatgttggatcaaagttcctttggggtgtagtcgttccaaaaggaggtctgttcgacctttaaatctt","HISEQ:267:CAJCDANXX:2:1213:6941:62600_CONS_SUB_SUB",TRUE,"None"
"79","'}; order_name=Calanoida; rank_by_db={'db_cope01': 'family'}; seq_length=113; mode=alignment; genus=None; order=6833;",0.946902654867,"{'db_cope01': 'JX945067",147,"Diaptomidae",NA,"family","Diaptomidae",NA,236535,"ataatttttattaaagatcttattaaaataaaagattgtgacctcgatgttgaattaagaaaaataatttgtgcagcagttaattatttttagtctgttcgactattttttct","HISEQ:267:CAJCDANXX:2:1316:8619:16654_CONS_SUB_SUB",TRUE,"Calanoida"
"80","'}; order_name=Diplostraca; rank_by_db={'db_cope01': 'family'}; seq_length=114; mode=alignment; position=05_03A; genus=None; order=84337;",0.921052631579,"{'db_cope01': 'KC154302",129,"Daphniidae",NA,"family","Daphniidae",NA,77658,"gtaattcttttagagagttcttatcgataaaagagtttgcgacctcgatgttggattaagagattagcagggtgcagaagctttgcaggaaagactgttcgacttttaaattct","HISEQ:267:CAJCDANXX:2:1212:20113:16421_CONS_SUB_SUB",TRUE,"Diplostraca"
"81","'}; order_name=Diplostraca; rank_by_db={'db_cope01': 'family'}; seq_length=114; status=full; mode=alignment; position=02_04D; genus=None; order=84337;",0.896551724138,"{'db_cope01': 'HM067430",115,"Daphniidae",NA,"family","Daphniidae",NA,77658,"gtaatctttttggagagttctaatcgataaaaaggtttgcgacctcgatgttggattagaaaatcagtaaggtgtagtagttttattagagagtctgttcgactcttaatattc","HISEQ:267:CAJCDANXX:2:1212:11824:40292_CONS_SUB_SUB",TRUE,"Diplostraca"
"82","'}; order_name=None; rank_by_db={'db_cope01': 'no rank'}; seq_length=115; mode=alignment; genus=None; order=None;",0.887931034483,"{'db_cope01': 'AY191754",108,NA,NA,"no rank","Pancrustacea",NA,197562,"gtaatctttttggagagttctaatcgataaaagagtttgcgacctcgatgttggattaaagtttctttgaggtgtagcagcttcaaacagaaagtctgttcgacttttaaatctt","HISEQ:267:CAJCDANXX:2:1107:15811:2106_CONS_SUB_SUB_CMP",TRUE,"None"
"83","'}; order_name=Diplostraca; rank_by_db={'db_cope01': 'family'}; seq_length=114; seq_b_single=54; status=full; mode=alignment; tail_quality=37.0; genus=None; order=84337;",0.894736842105,"{'db_cope01': 'KC154302",88,"Daphniidae",NA,"family","Daphniidae",NA,77658,"gtaattcttttagagagttctaatcgataaaagagtttgcgacctcgatgttggattaggaatttagctaggtgcagaagtttagttgtagagtctgttcgacttttaaaatcc","HISEQ:267:CAJCDANXX:2:2310:6688:36507_CONS_SUB_SUB",TRUE,"Diplostraca"
"84","'}; order_name=Diplostraca; rank_by_db={'db_cope01': 'family'}; seq_length=114; status=full; mode=alignment; position=11_02C; genus=None; order=84337;",0.929824561404,"{'db_cope01': 'HM067407",88,"Daphniidae",NA,"family","Daphniidae",NA,77658,"gtaatttttttgaagagttcaaatcgataaaaaagtttgcgacctcgatgttggattaagaaattagcaagatgcagaagtcttgttggaaagtctgttcgacttttaaattct","HISEQ:267:CAJCDANXX:2:1202:12327:64248_CONS_SUB_SUB",TRUE,"Diplostraca"
"85","'}; order_name=Diplostraca; rank_by_db={'db_cope01': 'genus'}; seq_length=114; mode=alignment; genus=6668; order=84337;",0.982456140351,"{'db_cope01': 'HM067407",84,"Daphniidae","Daphnia","genus","Daphnia",NA,6668,"gtaatattattggagagttctaatcgataaaaaggtttgcgacctcgatgttggattaagaaattggcaaggtgcagaagttttgttggaaagtctgttcgacttttaatttct","HISEQ:267:CAJCDANXX:2:2115:15212:26573_CONS_SUB_SUB",TRUE,"Diplostraca"
"86","'}; order_name=Diplostraca; rank_by_db={'db_cope01': 'suborder'}; seq_length=114; mode=alignment; position=12_05D; genus=None; order=84337;",0.895652173913,"{'db_cope01': 'KC154309",84,NA,NA,"suborder","Cladocera",NA,6665,"gtaatttttttggagagttcatatcgataaaaaagtttgcgacctcgatgttggattaggaatttagctaggtgcagaagtttagttgtagagtctgttcgacttttaaatctt","HISEQ:267:CAJCDANXX:2:1313:11793:33497_CONS_SUB_SUB",TRUE,"Diplostraca"
"87","'}; order_name=Calanoida; rank_by_db={'db_cope01': 'family'}; seq_length=120; mode=alignment; position=10_04B; genus=None; order=6833;",0.908333333333,"{'db_cope01': 'JX945067",80,"Diaptomidae",NA,"family","Diaptomidae",NA,236535,"aaaatttttattaaagttcttattgaattaaaaggttgtgagttgtgacctcgatgttgaattaagaaaaataatttgtgtagcagctaattatttctagtctgttcgactaaattttct","HISEQ:267:CAJCDANXX:2:1101:11526:16699_CONS_SUB_SUB_CMP",TRUE,"Calanoida"
"88","'}; order_name=None; rank_by_db={'db_cope01': 'no rank'}; seq_length=113; mode=alignment; position=12_12C; genus=None; order=None;",0.859649122807,"{'db_cope01': 'KT186651",79,NA,NA,"no rank","Pancrustacea",NA,197562,"gtaatttttttggagagttcagatcgataaaaaagtttgcgaccccgatgttggattaggaatttagttaggtgcagatgtttaactgcagagtctgttcgacttttgaatcc","HISEQ:267:CAJCDANXX:2:2103:9829:97678_CONS_SUB_SUB",TRUE,"None"
